{
  "La Masada - junio/julio 2026_julio": {
    "title": "La Masada - junio/julio 2026",
    "month": "julio",
    "plazas_disponibles": 11,
    "timestamp": "2026-02-23T14:06:12.141851"
  },
  "Can Soteras (BARCELONA)- julio 2026- bf_julio": {
    "title": "Can Soteras (BARCELONA)- julio 2026- bf",
    "month": "julio",
    "plazas_disponibles": 1,
    "timestamp": "2026-02-23T14:06:12.141859"
  },
  "Valdearroyo (SAN AGUSTÍN DE GUADALIX) - julio 2026 - mof_julio": {
    "title": "Valdearroyo (SAN AGUSTÍN DE GUADALIX) - julio 2026 - mof",
    "month": "julio",
    "plazas_disponibles": 7,
    "timestamp": "2026-02-23T14:06:12.141862"
  },
  "Alcor (MADRID) - agosto 2026 – mof_agosto": {
    "title": "Alcor (MADRID) - agosto 2026 – mof",
    "month": "agosto",
    "plazas_disponibles": 3,
    "timestamp": "2026-02-23T14:06:12.141864"
  },
  "C.M. Saomar (VALENCIA) - agosto 2026 - alf_agosto": {
    "title": "C.M. Saomar (VALENCIA) - agosto 2026 - alf",
    "month": "agosto",
    "plazas_disponibles": 1,
    "timestamp": "2026-02-23T14:06:12.141867"
  },
  "Dworek (POLONIA) - agosto 2026- asr_agosto": {
    "title": "Dworek (POLONIA) - agosto 2026- asr",
    "month": "agosto",
    "plazas_disponibles": 1,
    "timestamp": "2026-02-23T14:06:12.141869"
  }
}